intent,family,action,domains,expected_parameters,dependency,adapter,cases,linguistic,semantic_with_checked_slots_targets,valid_plans,operational_simulated,status,reasons,outcome_categories
alarm.arm,seguranca,arm,alarm_control_panel,,,home_assistant,5,5,5,5,5,complete internal conformance; live HA pending,,"{""completed_simulated"": 5}"
alarm.cancel,tempo,binding,,,explicit registered script/button adapter; no generic HA service,configured_binding,4,4,4,4,4,configured_adapter; simulated,,"{""completed_simulated"": 4}"
alarm.disarm,seguranca,disarm,alarm_control_panel,,,home_assistant,4,4,4,4,4,complete internal conformance; live HA pending,,"{""completed_simulated"": 4}"
alarm.set,tempo,binding,,time,explicit registered script/button adapter; no generic HA service,configured_binding,16,16,16,16,16,configured_adapter; simulated,,"{""completed_simulated"": 16}"
alarm.status,seguranca,query,alarm_control_panel,,,home_assistant,4,4,4,4,4,complete internal conformance; live HA pending,,"{""completed_simulated"": 4}"
announce.area,comunicacao,binding,,area,explicit registered script/button adapter; no generic HA service,configured_binding,16,16,16,16,16,configured_adapter; simulated,,"{""completed_simulated"": 16}"
appliance.status,eletrodomesticos,query,sensor|switch,appliance,,home_assistant,20,20,20,20,20,complete internal conformance; live HA pending,,"{""completed_simulated"": 20}"
area.devices_query,consulta,query,,area,,local,16,16,16,16,16,complete internal conformance; live HA pending,,"{""completed_simulated"": 16}"
assistant.cancel,conversa,cancel,,,,local,3,3,3,0,3,complete internal conformance; live HA pending,,"{""completed_simulated"": 3}"
assistant.confirm,conversa,confirm,,,,local,2,2,2,0,0,partial/conditional; see reasons and dialogue tests,,"{""missing_context"": 2}"
assistant.deny,conversa,cancel,,,,local,2,2,2,0,2,complete internal conformance; live HA pending,,"{""completed_simulated"": 2}"
assistant.repeat,conversa,repeat_response,,,,local,2,2,2,0,2,complete internal conformance; live HA pending,,"{""completed_simulated"": 2}"
battery.device_query,energia,query,sensor,device,,home_assistant,16,16,16,16,16,complete internal conformance; live HA pending,,"{""completed_simulated"": 16}"
battery.low_query,energia,query,sensor,,,home_assistant,4,4,4,4,4,complete internal conformance; live HA pending,,"{""completed_simulated"": 4}"
calendar.add_event,calendario,calendar_create,calendar,date_ref|event_title|time_ref,explicit start and end datetime required,home_assistant,16,16,0,0,0,partial/conditional; see reasons and dialogue tests,missing_calendar_duration,"{""continuation_required"": 16}"
calendar.date_query,calendario,calendar,calendar,date_ref,,home_assistant,20,20,20,20,20,complete internal conformance; live HA pending,,"{""completed_simulated"": 20}"
calendar.event_time_query,calendario,calendar,calendar,event_title,,home_assistant,16,16,16,16,16,complete internal conformance; live HA pending,,"{""completed_simulated"": 16}"
calendar.next_event_query,calendario,query,calendar,,,home_assistant,6,6,6,6,6,complete internal conformance; live HA pending,,"{""completed_simulated"": 6}"
calendar.remove_event,calendario,binding,,event_title,explicit calendar deletion adapter with UID,configured_binding,16,16,16,16,16,configured_adapter; simulated,,"{""completed_simulated"": 16}"
calendar.today_query,calendario,calendar,calendar,,,home_assistant,6,6,6,6,6,complete internal conformance; live HA pending,,"{""completed_simulated"": 6}"
call.contact,comunicacao,binding,,contact,explicit registered script/button adapter; no generic HA service,configured_binding,16,16,16,16,16,configured_adapter; simulated,,"{""completed_simulated"": 16}"
camera.show,seguranca,camera_view,camera,camera,explicit display adapter,home_assistant,20,20,20,20,20,complete internal conformance; live HA pending,,"{""completed_simulated"": 20}"
climate.fan_speed_set,climatizacao,fan_mode,climate,climate|fan_speed,,home_assistant,12,12,12,12,12,complete internal conformance; live HA pending,,"{""completed_simulated"": 12}"
climate.mode_set,climatizacao,hvac_mode,climate,climate|hvac_mode,,home_assistant,16,16,16,16,16,complete internal conformance; live HA pending,,"{""completed_simulated"": 16}"
climate.status,climatizacao,query,climate,climate,,home_assistant,12,12,12,12,12,complete internal conformance; live HA pending,,"{""completed_simulated"": 12}"
climate.swing_set,climatizacao,swing_mode,climate,climate|swing_mode,,home_assistant,12,12,12,12,12,complete internal conformance; live HA pending,,"{""completed_simulated"": 12}"
climate.temperature_set,climatizacao,temperature,climate,climate|temperature,,home_assistant,20,20,20,20,20,complete internal conformance; live HA pending,,"{""completed_simulated"": 20}"
climate.turn_off,climatizacao,turn_off,climate,climate,,home_assistant,15,15,15,15,15,complete internal conformance; live HA pending,,"{""completed_simulated"": 15}"
climate.turn_on,climatizacao,turn_on,climate,climate,,home_assistant,15,15,15,15,15,complete internal conformance; live HA pending,,"{""completed_simulated"": 15}"
clock_alarm.cancel_all,tempo,binding,,,explicit registered script/button adapter; no generic HA service,configured_binding,3,3,3,3,3,configured_adapter; simulated,,"{""completed_simulated"": 3}"
clock_alarm.dismiss,tempo,binding,,,explicit registered script/button adapter; no generic HA service,configured_binding,4,3,3,3,3,configured_adapter; simulated,,"{""completed_simulated"": 3, ""inherent_ambiguity"": 1}"
clock_alarm.query,tempo,binding,,,explicit registered script/button adapter; no generic HA service,configured_binding,5,5,5,5,5,configured_adapter; simulated,,"{""completed_simulated"": 5}"
clock_alarm.snooze,tempo,binding,,delta_duration,explicit registered script/button adapter; no generic HA service,configured_binding,16,16,16,16,16,configured_adapter; simulated,,"{""completed_simulated"": 16}"
cover.close,cortinas,close,cover,cover,,home_assistant,20,20,20,20,20,complete internal conformance; live HA pending,,"{""completed_simulated"": 20}"
cover.open,cortinas,open,cover,cover,,home_assistant,20,20,20,20,20,complete internal conformance; live HA pending,,"{""completed_simulated"": 20}"
cover.position_percent,cortinas,position,cover,cover|position,,home_assistant,16,16,16,16,16,complete internal conformance; live HA pending,,"{""completed_simulated"": 16}"
cover.position_set,cortinas,position,cover,cover|cover_position,,home_assistant,12,12,12,12,12,complete internal conformance; live HA pending,,"{""completed_simulated"": 12}"
cover.status,cortinas,query,cover,cover,,home_assistant,16,16,16,16,16,complete internal conformance; live HA pending,,"{""completed_simulated"": 16}"
date.current,informacao,local_date,,,,local,4,4,4,4,4,complete internal conformance; live HA pending,,"{""completed_simulated"": 4}"
dehumidifier.humidity_set,climatizacao,humidity,humidifier,dehumidifier|humidity_target,,home_assistant,12,12,12,12,12,complete internal conformance; live HA pending,,"{""completed_simulated"": 12}"
dehumidifier.status,climatizacao,query,humidifier,dehumidifier,,home_assistant,6,6,6,6,6,complete internal conformance; live HA pending,,"{""completed_simulated"": 6}"
dehumidifier.turn_off,climatizacao,turn_off,humidifier,dehumidifier,,home_assistant,6,6,6,6,6,complete internal conformance; live HA pending,,"{""completed_simulated"": 6}"
dehumidifier.turn_on,climatizacao,turn_on,humidifier,dehumidifier,,home_assistant,6,6,6,6,6,complete internal conformance; live HA pending,,"{""completed_simulated"": 6}"
device.phone_find,localizacao,binding,,,explicit registered script/button adapter; no generic HA service,configured_binding,11,11,11,11,11,configured_adapter; simulated,,"{""completed_simulated"": 11}"
device.status,dispositivo,query,,area|device,,local,20,18,18,18,18,partial/conditional; see reasons and dialogue tests,,"{""completed_simulated"": 18, ""interpretation_failure"": 2}"
device.turn_off,dispositivo,turn_off,,area|device,,local,20,20,20,20,20,complete internal conformance; live HA pending,,"{""completed_simulated"": 20}"
device.turn_on,dispositivo,turn_on,,area|device,,local,20,20,20,20,20,complete internal conformance; live HA pending,,"{""completed_simulated"": 20}"
dishwasher.remaining_time,eletrodomesticos,query,sensor,,,home_assistant,3,3,3,3,3,complete internal conformance; live HA pending,,"{""completed_simulated"": 3}"
door.status,seguranca,query,binary_sensor,door,,home_assistant,16,16,16,16,16,complete internal conformance; live HA pending,,"{""completed_simulated"": 16}"
energy.device_query,energia,query,sensor,device,,home_assistant,16,16,16,16,16,complete internal conformance; live HA pending,,"{""completed_simulated"": 16}"
energy.home_query,energia,query,sensor,,explicit non-overlapping energy sources,home_assistant,4,4,4,4,4,complete internal conformance; live HA pending,,"{""completed_simulated"": 4}"
entity.where_query,consulta,query,,device,,local,16,16,16,16,16,complete internal conformance; live HA pending,,"{""completed_simulated"": 16}"
fan.speed_down,climatizacao,percentage,fan,fan,,home_assistant,16,16,16,16,16,complete internal conformance; live HA pending,,"{""completed_simulated"": 16}"
fan.speed_set,climatizacao,percentage,fan,fan|fan_speed,,home_assistant,16,16,16,16,16,complete internal conformance; live HA pending,,"{""completed_simulated"": 16}"
fan.speed_up,climatizacao,percentage,fan,fan,,home_assistant,16,16,16,16,16,complete internal conformance; live HA pending,,"{""completed_simulated"": 16}"
fan.turn_off,climatizacao,turn_off,fan,fan,,home_assistant,20,20,20,20,20,complete internal conformance; live HA pending,,"{""completed_simulated"": 20}"
fan.turn_on,climatizacao,turn_on,fan,fan,,home_assistant,20,20,20,20,20,complete internal conformance; live HA pending,,"{""completed_simulated"": 20}"
gate.close,seguranca,close,cover,gate,,home_assistant,9,9,9,9,9,complete internal conformance; live HA pending,,"{""completed_simulated"": 9}"
gate.open,seguranca,open,cover,gate,,home_assistant,10,10,10,10,10,complete internal conformance; live HA pending,,"{""completed_simulated"": 10}"
gate.status,seguranca,query,cover,gate,,home_assistant,12,12,12,12,12,complete internal conformance; live HA pending,,"{""completed_simulated"": 12}"
group.status,grupos,query,light,floor_group|group_type,,home_assistant,12,12,12,12,12,complete internal conformance; live HA pending,,"{""completed_simulated"": 12}"
group.turn_off,grupos,turn_off,light,floor_group|group_type,,home_assistant,12,12,12,12,12,complete internal conformance; live HA pending,,"{""completed_simulated"": 12}"
group.turn_on,grupos,turn_on,light,floor_group|group_type,,home_assistant,12,12,12,12,12,complete internal conformance; live HA pending,,"{""completed_simulated"": 12}"
home.all_off,rotinas,turn_off,light|switch|fan|media_player|climate|humidifier,,,home_assistant,5,5,4,4,4,partial/conditional; see reasons and dialogue tests,,"{""completed_simulated"": 4, ""safety_refusal"": 1}"
home.any_device_on,rotinas,query,,,,local,4,4,4,4,4,complete internal conformance; live HA pending,,"{""completed_simulated"": 4}"
home.status_summary,rotinas,query,,,,local,5,5,5,5,5,complete internal conformance; live HA pending,,"{""completed_simulated"": 5}"
humidifier.humidity_set,climatizacao,humidity,humidifier,humidifier|humidity_target,,home_assistant,12,12,12,12,12,complete internal conformance; live HA pending,,"{""completed_simulated"": 12}"
humidifier.status,climatizacao,query,humidifier,humidifier,,home_assistant,6,6,6,6,6,complete internal conformance; live HA pending,,"{""completed_simulated"": 6}"
humidifier.turn_off,climatizacao,turn_off,humidifier,humidifier,,home_assistant,6,6,6,6,6,complete internal conformance; live HA pending,,"{""completed_simulated"": 6}"
humidifier.turn_on,climatizacao,turn_on,humidifier,humidifier,,home_assistant,6,6,6,6,6,complete internal conformance; live HA pending,,"{""completed_simulated"": 6}"
light.all_off,iluminacao,turn_off,light,area,,home_assistant,16,16,16,16,16,complete internal conformance; live HA pending,,"{""completed_simulated"": 16}"
light.all_on,iluminacao,turn_on,light,area,,home_assistant,16,16,16,16,16,complete internal conformance; live HA pending,,"{""completed_simulated"": 16}"
light.brightness_down,iluminacao,brightness,light,area|light,,home_assistant,16,16,16,16,16,complete internal conformance; live HA pending,,"{""completed_simulated"": 16}"
light.brightness_set,iluminacao,brightness,light,area|brightness|light,,home_assistant,16,16,16,16,16,complete internal conformance; live HA pending,,"{""completed_simulated"": 16}"
light.brightness_up,iluminacao,brightness,light,area|light,,home_assistant,16,16,16,16,16,complete internal conformance; live HA pending,,"{""completed_simulated"": 16}"
light.color_set,iluminacao,color,light,area|color|light,,home_assistant,16,16,16,16,16,complete internal conformance; live HA pending,,"{""completed_simulated"": 16}"
light.color_temperature_cooler,iluminacao,color_temperature,light,light,,home_assistant,16,16,16,16,16,complete internal conformance; live HA pending,,"{""completed_simulated"": 16}"
light.color_temperature_set,iluminacao,color_temperature,light,kelvin|light,,home_assistant,12,12,12,12,12,complete internal conformance; live HA pending,,"{""completed_simulated"": 12}"
light.color_temperature_warmer,iluminacao,color_temperature,light,light,,home_assistant,16,16,16,16,16,complete internal conformance; live HA pending,,"{""completed_simulated"": 16}"
light.status,iluminacao,query,light,area|light,,home_assistant,16,16,16,16,16,complete internal conformance; live HA pending,,"{""completed_simulated"": 16}"
light.turn_off,iluminacao,turn_off,light,area|light,,home_assistant,24,24,24,24,24,complete internal conformance; live HA pending,,"{""completed_simulated"": 24}"
light.turn_on,iluminacao,turn_on,light,area|light,,home_assistant,28,28,28,28,28,complete internal conformance; live HA pending,,"{""completed_simulated"": 28}"
lock.lock,seguranca,lock,lock,lock,,home_assistant,15,15,15,15,15,complete internal conformance; live HA pending,,"{""completed_simulated"": 15}"
lock.status,seguranca,query,lock,lock,,home_assistant,12,12,12,12,12,complete internal conformance; live HA pending,,"{""completed_simulated"": 12}"
lock.unlock,seguranca,unlock,lock,lock,,home_assistant,12,12,12,12,12,complete internal conformance; live HA pending,,"{""completed_simulated"": 12}"
media.mute,midia,mute,media_player,,,home_assistant,5,5,5,5,5,complete internal conformance; live HA pending,,"{""completed_simulated"": 5}"
media.next,midia,next,media_player,,,home_assistant,6,6,6,6,6,complete internal conformance; live HA pending,,"{""completed_simulated"": 6}"
media.now_playing,midia,query,media_player,,,home_assistant,5,5,5,5,5,complete internal conformance; live HA pending,,"{""completed_simulated"": 5}"
media.pause,midia,pause,media_player,,,home_assistant,6,6,6,6,6,complete internal conformance; live HA pending,,"{""completed_simulated"": 6}"
media.play_artist,midia,music,media_player,artist,Music Assistant,home_assistant,20,20,20,20,20,complete internal conformance; live HA pending,,"{""completed_simulated"": 20}"
media.play_generic,midia,music,media_player,media,Music Assistant,home_assistant,28,28,28,28,28,complete internal conformance; live HA pending,,"{""completed_simulated"": 28}"
media.play_on_destination,midia,music,media_player,media|media_destination,Music Assistant,home_assistant,16,16,16,16,16,complete internal conformance; live HA pending,,"{""completed_simulated"": 16}"
media.play_playlist,midia,music,media_player,playlist,Music Assistant,home_assistant,20,20,20,20,20,complete internal conformance; live HA pending,,"{""completed_simulated"": 20}"
media.previous,midia,previous,media_player,,,home_assistant,5,5,5,5,5,complete internal conformance; live HA pending,,"{""completed_simulated"": 5}"
media.repeat_all,midia,repeat_all,media_player,,,home_assistant,4,4,4,4,4,complete internal conformance; live HA pending,,"{""completed_simulated"": 4}"
media.repeat_off,midia,repeat_off,media_player,,,home_assistant,4,4,3,3,3,partial/conditional; see reasons and dialogue tests,,"{""completed_simulated"": 3, ""safety_refusal"": 1}"
media.repeat_one,midia,repeat_one,media_player,,,home_assistant,4,4,4,4,4,complete internal conformance; live HA pending,,"{""completed_simulated"": 4}"
media.resume,midia,play,media_player,,,home_assistant,6,6,6,6,6,complete internal conformance; live HA pending,,"{""completed_simulated"": 6}"
media.seek_backward,midia,seek,media_player,seek_time,,home_assistant,16,16,16,16,16,complete internal conformance; live HA pending,,"{""completed_simulated"": 16}"
media.seek_forward,midia,seek,media_player,seek_time,,home_assistant,16,16,16,16,16,complete internal conformance; live HA pending,,"{""completed_simulated"": 16}"
media.shuffle_off,midia,shuffle_off,media_player,,,home_assistant,4,4,4,4,4,complete internal conformance; live HA pending,,"{""completed_simulated"": 4}"
media.shuffle_on,midia,shuffle_on,media_player,,,home_assistant,4,4,4,4,4,complete internal conformance; live HA pending,,"{""completed_simulated"": 4}"
media.spotify_play,midia,music,media_player,,Music Assistant,home_assistant,6,6,0,0,0,partial/conditional; see reasons and dialogue tests,missing_media_query,"{""continuation_required"": 6}"
media.stop,midia,stop,media_player,,,home_assistant,5,4,4,4,4,partial/conditional; see reasons and dialogue tests,,"{""completed_simulated"": 4, ""inherent_ambiguity"": 1}"
media.transfer,midia,transfer,media_player,media_player,Music Assistant transfer_queue,home_assistant,16,16,16,16,16,complete internal conformance; live HA pending,,"{""completed_simulated"": 16}"
media.transfer_destination,midia,transfer,media_player,media_destination,Music Assistant transfer_queue,home_assistant,16,16,16,16,16,complete internal conformance; live HA pending,,"{""completed_simulated"": 16}"
media.unmute,midia,unmute,media_player,,,home_assistant,5,5,5,5,5,complete internal conformance; live HA pending,,"{""completed_simulated"": 5}"
media.volume_down,midia,volume,media_player,,,home_assistant,5,5,5,5,5,complete internal conformance; live HA pending,,"{""completed_simulated"": 5}"
media.volume_set,midia,volume,media_player,volume,,home_assistant,16,16,16,16,16,complete internal conformance; live HA pending,,"{""completed_simulated"": 16}"
media.volume_up,midia,volume,media_player,,,home_assistant,5,5,5,5,5,complete internal conformance; live HA pending,,"{""completed_simulated"": 5}"
media.whole_home,midia,music,media_player,media,Music Assistant explicitly configured player group,home_assistant,16,16,16,16,16,complete internal conformance; live HA pending,,"{""completed_simulated"": 16}"
mower.dock,jardim,mower_dock,lawn_mower,mower,,home_assistant,7,7,7,7,7,complete internal conformance; live HA pending,,"{""completed_simulated"": 7}"
mower.pause,jardim,mower_pause,lawn_mower,mower,,home_assistant,9,9,9,9,9,complete internal conformance; live HA pending,,"{""completed_simulated"": 9}"
mower.start,jardim,mower_start,lawn_mower,mower,,home_assistant,10,10,10,10,10,complete internal conformance; live HA pending,,"{""completed_simulated"": 10}"
mower.status,jardim,query,lawn_mower,mower,,home_assistant,10,10,10,10,10,complete internal conformance; live HA pending,,"{""completed_simulated"": 10}"
plug.turn_off,energia,turn_off,switch,plug,,home_assistant,13,13,13,13,13,complete internal conformance; live HA pending,,"{""completed_simulated"": 13}"
plug.turn_on,energia,turn_on,switch,plug,,home_assistant,13,13,13,13,13,complete internal conformance; live HA pending,,"{""completed_simulated"": 13}"
presence.area.query,presenca,query,binary_sensor,area,,home_assistant,40,40,40,40,40,complete internal conformance; live HA pending,,"{""completed_simulated"": 40}"
presence.count.query,presenca,query,sensor,area,,home_assistant,16,16,16,16,16,complete internal conformance; live HA pending,,"{""completed_simulated"": 16}"
presence.person_area.query,presenca,query,person|device_tracker,area|person,,home_assistant,20,20,17,17,17,partial/conditional; see reasons and dialogue tests,no_compatible_capability,"{""completed_simulated"": 17, ""test_limitation"": 3}"
presence.person_location.query,presenca,query,person|device_tracker,person,,home_assistant,21,21,21,21,21,complete internal conformance; live HA pending,,"{""completed_simulated"": 21}"
printer3d.pause,impressao_3d,binding,,,explicit registered script/button adapter; no generic HA service,configured_binding,3,3,3,3,3,configured_adapter; simulated,,"{""completed_simulated"": 3}"
printer3d.resume,impressao_3d,binding,,,explicit registered script/button adapter; no generic HA service,configured_binding,3,3,3,3,3,configured_adapter; simulated,,"{""completed_simulated"": 3}"
printer3d.status,impressao_3d,query,sensor|switch,,,home_assistant,6,6,6,6,6,complete internal conformance; live HA pending,,"{""completed_simulated"": 6}"
routine.activate,rotinas,activate,script,routine,,home_assistant,20,20,20,20,20,complete internal conformance; live HA pending,,"{""completed_simulated"": 20}"
satellite.device_here_off,satelite,turn_off,,,,local,4,4,0,0,0,partial/conditional; see reasons and dialogue tests,missing_context_target,"{""missing_context"": 4}"
satellite.light_here_off,satelite,turn_off,light,,,home_assistant,4,4,4,4,4,complete internal conformance; live HA pending,,"{""completed_simulated"": 4}"
satellite.light_here_on,satelite,turn_on,light,,,home_assistant,4,4,4,4,4,complete internal conformance; live HA pending,,"{""completed_simulated"": 4}"
satellite.media_here,satelite,music,media_player,media,Music Assistant,home_assistant,16,16,16,16,16,complete internal conformance; live HA pending,,"{""completed_simulated"": 16}"
satellite.mute,satelite,mute,media_player,,,home_assistant,4,4,4,4,4,complete internal conformance; live HA pending,,"{""completed_simulated"": 4}"
satellite.unmute,satelite,unmute,media_player,,,home_assistant,4,4,4,4,4,complete internal conformance; live HA pending,,"{""completed_simulated"": 4}"
satellite.volume_down,satelite,volume,media_player,,,home_assistant,5,5,5,5,5,complete internal conformance; live HA pending,,"{""completed_simulated"": 5}"
satellite.volume_set,satelite,volume,media_player,sat_volume,,home_assistant,12,12,12,12,12,complete internal conformance; live HA pending,,"{""completed_simulated"": 12}"
satellite.volume_up,satelite,volume,media_player,,,home_assistant,5,5,5,5,5,complete internal conformance; live HA pending,,"{""completed_simulated"": 5}"
scene.activate,cenas,activate,scene,scene,,home_assistant,20,20,20,20,20,complete internal conformance; live HA pending,,"{""completed_simulated"": 20}"
security.openings_any_open,seguranca,query,binary_sensor|cover,,,home_assistant,5,5,5,5,5,complete internal conformance; live HA pending,,"{""completed_simulated"": 5}"
sensor.air_quality.query,ambiente,query,sensor,area,,home_assistant,24,24,24,24,24,complete internal conformance; live HA pending,,"{""completed_simulated"": 24}"
sensor.co2.query,ambiente,query,sensor,area,,home_assistant,20,20,20,20,20,complete internal conformance; live HA pending,,"{""completed_simulated"": 20}"
sensor.humidity.query,ambiente,query,sensor,area,,home_assistant,36,36,36,36,36,complete internal conformance; live HA pending,,"{""completed_simulated"": 36}"
sensor.illuminance.query,ambiente,query,sensor,area,,home_assistant,20,20,20,20,20,complete internal conformance; live HA pending,,"{""completed_simulated"": 20}"
sensor.noise.query,ambiente,query,sensor,area,,home_assistant,16,16,16,16,16,complete internal conformance; live HA pending,,"{""completed_simulated"": 16}"
sensor.temperature.query,ambiente,query,sensor|climate,area,,home_assistant,48,48,48,48,48,complete internal conformance; live HA pending,,"{""completed_simulated"": 48}"
sunrise.query,clima_externo,query,sun,,,home_assistant,3,3,3,3,3,complete internal conformance; live HA pending,,"{""completed_simulated"": 3}"
sunset.query,clima_externo,query,sun,,,home_assistant,3,3,3,3,3,complete internal conformance; live HA pending,,"{""completed_simulated"": 3}"
time.current,informacao,local_time,,,,local,5,5,5,5,5,complete internal conformance; live HA pending,,"{""completed_simulated"": 5}"
timer.add_time,tempo,timer_change,timer,delta_duration,,home_assistant,16,16,16,16,16,complete internal conformance; live HA pending,,"{""completed_simulated"": 16}"
timer.cancel,tempo,timer_cancel,timer,,,home_assistant,4,4,4,4,4,complete internal conformance; live HA pending,,"{""completed_simulated"": 4}"
timer.cancel_all,tempo,timer_cancel,timer,,,home_assistant,4,4,4,4,4,complete internal conformance; live HA pending,,"{""completed_simulated"": 4}"
timer.finish,tempo,timer_finish,timer,,,home_assistant,4,4,4,4,4,complete internal conformance; live HA pending,,"{""completed_simulated"": 4}"
timer.pause,tempo,timer_pause,timer,,,home_assistant,4,4,4,4,4,complete internal conformance; live HA pending,,"{""completed_simulated"": 4}"
timer.query,tempo,query,timer,,,home_assistant,4,4,4,4,4,complete internal conformance; live HA pending,,"{""completed_simulated"": 4}"
timer.remove_time,tempo,timer_change,timer,delta_duration,,home_assistant,16,16,16,16,16,complete internal conformance; live HA pending,,"{""completed_simulated"": 16}"
timer.resume,tempo,timer_resume,timer,,,home_assistant,4,4,4,4,4,complete internal conformance; live HA pending,,"{""completed_simulated"": 4}"
timer.set,tempo,timer_start,timer,duration,,home_assistant,20,20,20,20,20,complete internal conformance; live HA pending,,"{""completed_simulated"": 20}"
timer.start,tempo,timer_start,timer,duration,,home_assistant,20,20,20,20,20,complete internal conformance; live HA pending,,"{""completed_simulated"": 20}"
vacuum.clean_area,limpeza,vacuum_area,vacuum,area|vacuum,,home_assistant,16,16,16,16,16,complete internal conformance; live HA pending,,"{""completed_simulated"": 16}"
vacuum.dock,limpeza,vacuum_dock,vacuum,vacuum,,home_assistant,7,7,7,7,7,complete internal conformance; live HA pending,,"{""completed_simulated"": 7}"
vacuum.start,limpeza,vacuum_start,vacuum,vacuum,,home_assistant,8,8,8,8,8,complete internal conformance; live HA pending,,"{""completed_simulated"": 8}"
vacuum.stop,limpeza,vacuum_stop,vacuum,vacuum,,home_assistant,6,6,6,6,6,complete internal conformance; live HA pending,,"{""completed_simulated"": 6}"
washer.remaining_time,eletrodomesticos,query,sensor,,,home_assistant,4,4,4,4,4,complete internal conformance; live HA pending,,"{""completed_simulated"": 4}"
water.leak_query,agua,query,binary_sensor,,,home_assistant,5,5,5,5,5,complete internal conformance; live HA pending,,"{""completed_simulated"": 5}"
water.tank_level_query,agua,query,sensor,,,home_assistant,4,4,4,4,4,complete internal conformance; live HA pending,,"{""completed_simulated"": 4}"
weather.current,clima_externo,query,weather,,,home_assistant,6,6,6,6,6,complete internal conformance; live HA pending,,"{""completed_simulated"": 6}"
weather.forecast,clima_externo,forecast,weather,date,,home_assistant,20,20,20,20,5,partial/conditional; see reasons and dialogue tests,forecast_date_unavailable,"{""completed_simulated"": 5, ""test_limitation"": 15}"
window.status,seguranca,query,binary_sensor,window,,home_assistant,16,16,16,16,16,complete internal conformance; live HA pending,,"{""completed_simulated"": 16}"
